{
  "precision": 0.7306569988504731,
  "recall": 0.7280176211453745,
  "f1": 0.7293349221060065,
  "runtime": 85.41238236427307
}