{
  "precision": 0.05813953488372093,
  "recall": 0.007014590347923681,
  "f1": 0.012518778167250876,
  "runtime": 24.146761417388916
}