{
  "precision": 0.6076811210999471,
  "recall": 0.6067035695724268,
  "f1": 0.6071919518830265,
  "runtime": 1432.6868221759796
}