{
  "precision": 0.5898468873575919,
  "recall": 0.5301218390804597,
  "f1": 0.5583918717022982,
  "runtime": 442.10753297805786
}