{
  "precision": 0.7689547955034681,
  "recall": 0.7370472260430995,
  "f1": 0.7526629989465059,
  "runtime": 17.540924549102783
}