{
  "precision": 0.277337559429477,
  "recall": 0.20983213429256595,
  "f1": 0.23890784982935154,
  "runtime": 125.23517847061157
}