{
  "precision": 0.6396448009166428,
  "recall": 0.23505263157894737,
  "f1": 0.3437764606265876,
  "runtime": 63.751447677612305
}